sample	y	prob
HG00100	1	0.9734684419194355
HG00097	1	0.5159822761114317
HG00106	0	0.530520698816201
