n_estimators,min_samples_split,min_samples_leaf,max_features,max_depth,criterion,iteration,cv_ap,cv_ap_std,cv_auc,cv_auc_std,cv_f1,cv_f1_std,cv_precision,cv_precision_std,cv_recall,cv_recall_std,cv_specificity,cv_specificity_std,cv_bal_acc,cv_bal_acc_std,cv_mcc,cv_mcc_std,train_ap,train_auc,train_f1,train_precision,train_recall,train_specificity,train_bal_acc,train_mcc,rank_ap
1000,10,10,sqrt,,gini,1,0.6,0.2,,,0.7333333333333333,0.13333333333333336,0.6,0.2,1.0,0.0,0.0,0.0,0.6,0.2,0.0,0.0,0.5571428571428572,0.5,0.7151515151515151,0.5571428571428572,1.0,0.0,0.5,0.0,1
500,10,20,log2,12.0,entropy,2,0.6,0.2,,,0.7333333333333333,0.13333333333333336,0.6,0.2,1.0,0.0,0.0,0.0,0.6,0.2,0.0,0.0,0.5571428571428572,0.5,0.7151515151515151,0.5571428571428572,1.0,0.0,0.5,0.0,1
500,50,5,sqrt,10.0,entropy,3,0.6,0.2,,,0.7333333333333333,0.13333333333333336,0.6,0.2,1.0,0.0,0.0,0.0,0.6,0.2,0.0,0.0,0.5571428571428572,0.5,0.7151515151515151,0.5571428571428572,1.0,0.0,0.5,0.0,1
1000,5,10,sqrt,12.0,entropy,4,0.6,0.2,,,0.7333333333333333,0.13333333333333336,0.6,0.2,1.0,0.0,0.0,0.0,0.6,0.2,0.0,0.0,0.5571428571428572,0.5,0.7151515151515151,0.5571428571428572,1.0,0.0,0.5,0.0,1
1000,50,1,log2,12.0,entropy,5,0.6,0.2,,,0.7333333333333333,0.13333333333333336,0.6,0.2,1.0,0.0,0.0,0.0,0.6,0.2,0.0,0.0,0.5571428571428572,0.5,0.7151515151515151,0.5571428571428572,1.0,0.0,0.5,0.0,1
