sample	y	prob
HG00100	1	0.5584444444444439
HG00097	1	0.5584444444444439
HG00106	0	0.5584444444444439
